{
    "DenseNet121_FineTuning": {
        "config": {
            "name": "DenseNet121_FineTuning",
            "learning_rate": 5e-05,
            "epochs": 30,
            "batch_size": 64,
            "base_model": "DenseNet121 (fine-tuned)",
            "stage1_source": "results\\models\\DenseNet121.keras"
        },
        "metrics": {
            "accuracy": 0.5547999739646912,
            "top_5_accuracy": 0.8303999900817871,
            "f1_macro": 0.5515707505298169,
            "precision_macro": 0.5574372526606891,
            "recall_macro": 0.5548000000000001,
            "epochs_run": 18
        }
    }
}